timestamp,pressure_bar,flow_raw,flow_converted,V_pressure,V_flow,total,unit,temperature_C
2026-10-06 16:14:50.489,7.9750,0.000,0.000,1.738,0.594,3.968,SCFM – ANSI,20.0
2026-10-06 16:14:50.491,7.9750,0.000,0.000,1.738,0.594,3.968,SCFM – ANSI,20.0
2026-10-06 16:14:50.493,7.9740,0.000,0.000,1.738,0.594,3.968,SCFM – ANSI,20.0
2026-10-06 16:14:50.515,7.9740,0.000,0.000,1.738,0.594,3.968,SCFM – ANSI,20.0
2026-10-06 16:14:50.607,7.9740,0.000,0.000,1.738,0.594,3.968,SCFM – ANSI,20.0
2026-10-06 16:14:50.711,7.9740,0.000,0.000,1.738,0.594,3.968,SCFM – ANSI,20.0
2026-10-06 16:14:50.826,7.9750,0.000,0.000,1.738,0.594,3.968,SCFM – ANSI,20.0
2026-10-06 16:14:50.897,7.9750,0.000,0.000,1.738,0.594,3.968,SCFM – ANSI,20.0
2026-10-06 16:14:50.991,7.9750,0.000,0.000,1.738,0.594,3.968,SCFM – ANSI,20.0
2026-10-06 16:14:51.090,7.9740,0.000,0.000,1.738,0.594,3.968,SCFM – ANSI,20.0
2026-10-06 16:14:51.206,7.9740,0.000,0.000,1.738,0.594,3.968,SCFM – ANSI,20.0
2026-10-06 16:14:51.303,7.9740,0.000,0.000,1.738,0.594,3.968,SCFM – ANSI,20.0
2026-10-06 16:14:51.399,7.9740,0.000,0.000,1.738,0.594,3.968,SCFM – ANSI,20.0
2026-10-06 16:14:51.496,7.9750,0.000,0.000,1.738,0.594,3.968,SCFM – ANSI,20.0
2026-10-06 16:14:51.598,7.9770,0.000,0.000,1.738,0.594,3.968,SCFM – ANSI,20.0
2026-10-06 16:14:51.706,7.9750,0.000,0.000,1.738,0.594,3.968,SCFM – ANSI,20.0
2026-10-06 16:14:51.813,7.9740,0.000,0.000,1.738,0.594,3.968,SCFM – ANSI,20.0
2026-10-06 16:14:51.926,7.9740,0.000,0.000,1.738,0.594,3.968,SCFM – ANSI,20.0
2026-10-06 16:14:52.029,7.9750,0.000,0.000,1.738,0.594,3.968,SCFM – ANSI,20.0
2026-10-06 16:14:52.101,7.9760,0.000,0.000,1.738,0.594,3.968,SCFM – ANSI,20.0
2026-10-06 16:14:52.201,7.9750,0.000,0.000,1.738,0.594,3.968,SCFM – ANSI,20.0
2026-10-06 16:14:52.296,7.9750,0.000,0.000,1.738,0.594,3.968,SCFM – ANSI,20.0
2026-10-06 16:14:52.392,7.9790,0.000,0.000,1.738,0.594,3.968,SCFM – ANSI,20.0
2026-10-06 16:14:52.507,7.9750,0.000,0.000,1.738,0.594,3.968,SCFM – ANSI,20.0
2026-10-06 16:14:52.604,7.9740,0.000,0.000,1.738,0.594,3.968,SCFM – ANSI,20.0
2026-10-06 16:14:52.699,7.9750,0.000,0.000,1.738,0.594,3.968,SCFM – ANSI,20.0
2026-10-06 16:14:52.797,7.9740,0.000,0.000,1.738,0.594,3.968,SCFM – ANSI,20.0
2026-10-06 16:14:52.905,7.9750,0.000,0.000,1.738,0.594,3.968,SCFM – ANSI,20.0
2026-10-06 16:14:53.012,7.9750,0.000,0.000,1.738,0.594,3.968,SCFM – ANSI,20.0
2026-10-06 16:14:53.109,7.9750,0.000,0.000,1.738,0.594,3.968,SCFM – ANSI,20.0
2026-10-06 16:14:53.230,7.9640,22.340,6.884,1.736,0.613,3.982,SCFM – ANSI,20.0
2026-10-06 16:14:53.306,7.2310,582.090,164.720,1.630,1.056,4.187,SCFM – ANSI,20.0
2026-10-06 16:14:53.401,5.2860,993.540,214.822,1.347,1.382,4.531,SCFM – ANSI,20.0
2026-10-06 16:14:53.503,3.8270,943.740,156.792,1.135,1.342,4.796,SCFM – ANSI,20.0
2026-10-06 16:14:53.597,3.0260,849.600,117.793,1.018,1.268,4.982,SCFM – ANSI,20.0
2026-10-06 16:14:53.691,2.5770,779.180,96.021,0.953,1.212,5.133,SCFM – ANSI,20.0
2026-10-06 16:14:53.787,2.3190,734.270,83.984,0.915,1.176,5.268,SCFM – ANSI,20.0
2026-10-06 16:14:53.904,2.1500,702.710,76.298,0.891,1.151,5.417,SCFM – ANSI,20.0
2026-10-06 16:14:54.002,2.0500,684.030,71.922,0.876,1.137,5.534,SCFM – ANSI,20.0
2026-10-06 16:14:54.106,1.9950,672.920,69.484,0.868,1.128,5.654,SCFM – ANSI,20.0
2026-10-06 16:14:54.216,1.9620,665.870,68.001,0.863,1.122,5.779,SCFM – ANSI,20.0
2026-10-06 16:14:54.308,1.9400,661.290,67.034,0.860,1.119,5.882,SCFM – ANSI,20.0
2026-10-06 16:14:54.400,1.9280,658.990,66.530,0.858,1.117,5.980,SCFM – ANSI,20.0
2026-10-06 16:14:54.494,1.9210,657.440,66.215,0.857,1.115,6.086,SCFM – ANSI,20.0
2026-10-06 16:14:54.609,1.9150,656.580,65.993,0.857,1.115,6.212,SCFM – ANSI,20.0
2026-10-06 16:14:54.701,1.9140,656.650,65.978,0.856,1.115,6.315,SCFM – ANSI,20.0
2026-10-06 16:14:54.800,1.9140,656.150,65.928,0.856,1.114,6.423,SCFM – ANSI,20.0
2026-10-06 16:14:54.896,1.9140,655.110,65.823,0.856,1.114,6.529,SCFM – ANSI,20.0
2026-10-06 16:14:54.992,1.9150,654.950,65.830,0.856,1.113,6.634,SCFM – ANSI,20.0
2026-10-06 16:14:55.089,1.9140,655.580,65.870,0.856,1.114,6.741,SCFM – ANSI,20.0
2026-10-06 16:14:55.211,1.9140,655.360,65.848,0.856,1.114,6.874,SCFM – ANSI,20.0
2026-10-06 16:14:55.322,1.9140,655.030,65.815,0.856,1.114,6.997,SCFM – ANSI,20.0
2026-10-06 16:14:55.432,1.9130,654.440,65.733,0.856,1.113,7.117,SCFM – ANSI,20.0
2026-10-06 16:14:55.504,1.9140,654.920,65.804,0.856,1.113,7.194,SCFM – ANSI,20.0
2026-10-06 16:14:55.602,1.9150,655.360,65.871,0.856,1.114,7.302,SCFM – ANSI,20.0
2026-10-06 16:14:55.700,1.9140,654.440,65.756,0.856,1.113,7.410,SCFM – ANSI,20.0
2026-10-06 16:14:55.790,1.9140,653.810,65.692,0.856,1.113,7.509,SCFM – ANSI,20.0
2026-10-06 16:14:55.911,1.9150,654.240,65.758,0.856,1.113,7.640,SCFM – ANSI,20.0
2026-10-06 16:14:56.005,1.9140,654.030,65.715,0.856,1.113,7.745,SCFM – ANSI,20.0
2026-10-06 16:14:56.099,1.9140,654.790,65.791,0.856,1.113,7.848,SCFM – ANSI,20.0
2026-10-06 16:14:56.196,1.9140,654.320,65.744,0.856,1.113,7.954,SCFM – ANSI,20.0
2026-10-06 16:14:56.300,1.9150,654.060,65.740,0.856,1.113,8.069,SCFM – ANSI,20.0
2026-10-06 16:14:56.409,1.9150,654.090,65.743,0.857,1.113,8.187,SCFM – ANSI,20.0
2026-10-06 16:14:56.518,1.9140,654.440,65.756,0.856,1.113,8.307,SCFM – ANSI,20.0
2026-10-06 16:14:56.632,1.9150,654.610,65.795,0.856,1.113,8.433,SCFM – ANSI,20.0
2026-10-06 16:14:56.714,1.9140,654.630,65.775,0.856,1.113,8.521,SCFM – ANSI,20.0
2026-10-06 16:14:56.805,1.9110,654.470,65.691,0.856,1.113,8.621,SCFM – ANSI,20.0
2026-10-06 16:14:56.904,1.9140,655.580,65.870,0.856,1.114,8.729,SCFM – ANSI,20.0
2026-10-06 16:14:56.995,1.9130,656.150,65.905,0.856,1.114,8.830,SCFM – ANSI,20.0
2026-10-06 16:14:57.090,1.9140,654.980,65.810,0.856,1.114,8.935,SCFM – ANSI,20.0
2026-10-06 16:14:57.186,1.9150,654.920,65.827,0.857,1.113,9.040,SCFM – ANSI,20.0
2026-10-06 16:14:57.306,1.9150,654.130,65.747,0.857,1.113,9.171,SCFM – ANSI,20.0
2026-10-06 16:14:57.400,1.9150,654.320,65.766,0.856,1.113,9.275,SCFM – ANSI,20.0
2026-10-06 16:14:57.505,1.9150,655.010,65.836,0.857,1.114,9.389,SCFM – ANSI,20.0
2026-10-06 16:14:57.612,1.9140,654.630,65.775,0.856,1.113,9.507,SCFM – ANSI,20.0
2026-10-06 16:14:57.721,1.9150,654.280,65.762,0.857,1.113,9.626,SCFM – ANSI,20.0
2026-10-06 16:14:57.799,1.9140,654.410,65.753,0.856,1.113,9.710,SCFM – ANSI,20.0
2026-10-06 16:14:57.910,1.9150,653.820,65.716,0.857,1.113,9.833,SCFM – ANSI,20.0
2026-10-06 16:14:58.010,1.9150,654.160,65.750,0.857,1.113,9.943,SCFM – ANSI,20.0
2026-10-06 16:14:58.106,1.9150,655.360,65.871,0.857,1.114,10.047,SCFM – ANSI,20.0
2026-10-06 16:14:58.198,1.9150,655.110,65.846,0.856,1.114,10.150,SCFM – ANSI,20.0
2026-10-06 16:14:58.295,1.9160,654.920,65.849,0.857,1.113,10.256,SCFM – ANSI,20.0
2026-10-06 16:14:58.391,1.9150,654.600,65.794,0.857,1.113,10.361,SCFM – ANSI,20.0
2026-10-06 16:14:58.488,1.9150,653.370,65.671,0.857,1.112,10.467,SCFM – ANSI,20.0
2026-10-06 16:14:58.604,1.9150,654.500,65.784,0.857,1.113,10.595,SCFM – ANSI,20.0
2026-10-06 16:14:58.709,1.9140,655.610,65.873,0.856,1.114,10.710,SCFM – ANSI,20.0
2026-10-06 16:14:58.817,1.9150,655.040,65.839,0.856,1.114,10.828,SCFM – ANSI,20.0
2026-10-06 16:14:58.922,1.9140,656.080,65.921,0.856,1.114,10.944,SCFM – ANSI,20.0
2026-10-06 16:14:58.999,1.9150,655.330,65.868,0.857,1.114,11.026,SCFM – ANSI,20.0
2026-10-06 16:14:59.094,1.9150,655.110,65.846,0.856,1.114,11.132,SCFM – ANSI,20.0
2026-10-06 16:14:59.192,1.9160,655.290,65.886,0.857,1.114,11.240,SCFM – ANSI,20.0
2026-10-06 16:14:59.305,1.9140,654.680,65.780,0.856,1.113,11.364,SCFM – ANSI,20.0
2026-10-06 16:14:59.402,1.9150,654.980,65.833,0.857,1.114,11.471,SCFM – ANSI,20.0
2026-10-06 16:14:59.498,1.9150,654.540,65.788,0.856,1.113,11.576,SCFM – ANSI,20.0
2026-10-06 16:14:59.596,1.9150,654.280,65.762,0.857,1.113,11.682,SCFM – ANSI,20.0
2026-10-06 16:14:59.693,1.9150,654.280,65.762,0.856,1.113,11.790,SCFM – ANSI,20.0
2026-10-06 16:14:59.804,1.9150,654.380,65.772,0.857,1.113,11.911,SCFM – ANSI,20.0
2026-10-06 16:14:59.910,1.9150,654.280,65.762,0.856,1.113,12.027,SCFM – ANSI,20.0
2026-10-06 16:15:00.026,1.9150,654.920,65.827,0.857,1.113,12.154,SCFM – ANSI,20.0
2026-10-06 16:15:00.130,1.9110,655.170,65.762,0.856,1.114,12.269,SCFM – ANSI,20.0
2026-10-06 16:15:00.204,1.9110,655.290,65.774,0.856,1.114,12.348,SCFM – ANSI,20.0
2026-10-06 16:15:00.301,1.9100,654.280,65.650,0.856,1.113,12.454,SCFM – ANSI,20.0
2026-10-06 16:15:00.401,1.9090,654.540,65.654,0.856,1.113,12.563,SCFM – ANSI,20.0
2026-10-06 16:15:00.491,1.9100,655.170,65.739,0.856,1.114,12.664,SCFM – ANSI,20.0
2026-10-06 16:15:00.609,1.9090,655.030,65.703,0.856,1.114,12.792,SCFM – ANSI,20.0
2026-10-06 16:15:00.705,1.9100,654.920,65.714,0.856,1.113,12.897,SCFM – ANSI,20.0
2026-10-06 16:15:00.799,1.9090,654.880,65.688,0.856,1.113,13.002,SCFM – ANSI,20.0
2026-10-06 16:15:00.897,1.9100,655.200,65.742,0.856,1.114,13.108,SCFM – ANSI,20.0
2026-10-06 16:15:01.005,1.9090,655.330,65.733,0.856,1.114,13.226,SCFM – ANSI,20.0
2026-10-06 16:15:01.107,1.9100,654.920,65.714,0.856,1.113,13.338,SCFM – ANSI,20.0
2026-10-06 16:15:01.210,1.9100,655.010,65.723,0.856,1.114,13.451,SCFM – ANSI,20.0
2026-10-06 16:15:01.335,1.9100,655.550,65.777,0.856,1.114,13.588,SCFM – ANSI,20.0
2026-10-06 16:15:01.426,1.9100,654.690,65.691,0.856,1.113,13.688,SCFM – ANSI,20.0
2026-10-06 16:15:01.502,1.9090,655.420,65.742,0.856,1.114,13.771,SCFM – ANSI,20.0
2026-10-06 16:15:01.602,1.9090,654.730,65.673,0.856,1.113,13.879,SCFM – ANSI,20.0
2026-10-06 16:15:01.694,1.9060,654.920,65.624,0.855,1.113,13.981,SCFM – ANSI,20.0
2026-10-06 16:15:01.793,1.9050,655.610,65.671,0.855,1.114,14.089,SCFM – ANSI,20.0
2026-10-06 16:15:01.887,1.9060,655.290,65.661,0.855,1.114,14.193,SCFM – ANSI,20.0
2026-10-06 16:15:02.004,1.9050,655.340,65.644,0.855,1.114,14.320,SCFM – ANSI,20.0
2026-10-06 16:15:02.101,1.9040,656.150,65.702,0.855,1.114,14.427,SCFM – ANSI,20.0
2026-10-06 16:15:02.208,1.9040,655.360,65.623,0.855,1.114,14.544,SCFM – ANSI,20.0
2026-10-06 16:15:02.318,1.9050,655.230,65.633,0.855,1.114,14.664,SCFM – ANSI,20.0
2026-10-06 16:15:02.419,1.9040,655.990,65.686,0.855,1.114,14.774,SCFM – ANSI,20.0
2026-10-06 16:15:02.492,1.9050,654.320,65.542,0.855,1.113,14.854,SCFM – ANSI,20.0
2026-10-06 16:15:02.590,1.9030,654.350,65.500,0.855,1.113,14.960,SCFM – ANSI,20.0
2026-10-06 16:15:02.710,1.9040,654.290,65.516,0.855,1.113,15.090,SCFM – ANSI,20.0
2026-10-06 16:15:02.802,1.9040,654.000,65.487,0.855,1.113,15.193,SCFM – ANSI,20.0
2026-10-06 16:15:02.902,1.9050,653.720,65.482,0.855,1.113,15.301,SCFM – ANSI,20.0
2026-10-06 16:15:02.995,1.9040,653.680,65.455,0.855,1.113,15.404,SCFM – ANSI,20.0
2026-10-06 16:15:03.091,1.9000,654.440,65.441,0.854,1.113,15.509,SCFM – ANSI,20.0
2026-10-06 16:15:03.189,1.8990,653.750,65.350,0.854,1.113,15.614,SCFM – ANSI,20.0
2026-10-06 16:15:03.306,1.9030,654.370,65.502,0.855,1.113,15.743,SCFM – ANSI,20.0
2026-10-06 16:15:03.412,1.9040,654.600,65.547,0.855,1.113,15.859,SCFM – ANSI,20.0
2026-10-06 16:15:03.524,1.9040,654.850,65.572,0.855,1.113,15.980,SCFM – ANSI,20.0
2026-10-06 16:15:03.621,1.9000,654.410,65.438,0.854,1.113,16.087,SCFM – ANSI,20.0
2026-10-06 16:15:03.702,1.8990,653.910,1751.222,0.854,1.113,433.346,Nl/min – DIN 1343,20.0
2026-10-06 16:15:03.792,1.8990,654.410,1752.562,0.854,1.113,435.976,Nl/min – DIN 1343,20.0
2026-10-06 16:15:03.891,1.9000,655.140,1755.119,0.854,1.114,438.849,Nl/min – DIN 1343,20.0
2026-10-06 16:15:04.013,1.8990,654.680,1753.285,0.854,1.113,442.418,Nl/min – DIN 1343,20.0
2026-10-06 16:15:04.102,1.8990,654.660,1753.231,0.854,1.113,445.034,Nl/min – DIN 1343,20.0
2026-10-06 16:15:04.200,1.8980,655.360,1754.503,0.854,1.114,447.907,Nl/min – DIN 1343,20.0
2026-10-06 16:15:04.295,1.8990,654.380,1752.481,0.854,1.113,450.685,Nl/min – DIN 1343,20.0
2026-10-06 16:15:04.397,1.8990,654.280,1752.213,0.854,1.113,453.636,Nl/min – DIN 1343,20.0
2026-10-06 16:15:04.494,1.8980,654.440,1752.040,0.854,1.113,456.476,Nl/min – DIN 1343,20.0
2026-10-06 16:15:04.610,1.9000,654.600,1753.672,0.854,1.113,459.865,Nl/min – DIN 1343,20.0
2026-10-06 16:15:04.726,1.8980,654.580,1752.415,0.854,1.113,463.245,Nl/min – DIN 1343,20.0
2026-10-06 16:15:04.829,1.8990,654.250,1752.133,0.854,1.113,466.262,Nl/min – DIN 1343,20.0
2026-10-06 16:15:04.903,1.8990,654.540,1752.910,0.854,1.113,468.400,Nl/min – DIN 1343,20.0
2026-10-06 16:15:05.001,1.8990,654.090,1751.705,0.854,1.113,471.274,Nl/min – DIN 1343,20.0
2026-10-06 16:15:05.097,1.8990,654.160,1751.892,0.854,1.113,474.063,Nl/min – DIN 1343,20.0
2026-10-06 16:15:05.191,1.8990,653.970,1751.383,0.854,1.113,476.827,Nl/min – DIN 1343,20.0
2026-10-06 16:15:05.286,1.8990,654.440,1752.642,0.854,1.113,479.618,Nl/min – DIN 1343,20.0
2026-10-06 16:15:05.402,1.8990,654.130,1751.812,0.854,1.113,483.008,Nl/min – DIN 1343,20.0
2026-10-06 16:15:05.500,1.8990,654.090,1751.705,0.854,1.113,485.847,Nl/min – DIN 1343,20.0
2026-10-06 16:15:05.597,1.8990,653.080,1749.000,0.854,1.112,488.694,Nl/min – DIN 1343,20.0
2026-10-06 16:15:05.707,1.8990,654.190,1751.972,0.854,1.113,491.904,Nl/min – DIN 1343,20.0
2026-10-06 16:15:05.817,1.8980,654.380,1751.879,0.854,1.113,495.120,Nl/min – DIN 1343,20.0
2026-10-06 16:15:05.910,1.8980,654.730,1752.816,0.854,1.113,497.823,Nl/min – DIN 1343,20.0
2026-10-06 16:15:06.031,1.9000,653.870,1751.717,0.854,1.113,501.362,Nl/min – DIN 1343,20.0
2026-10-06 16:15:06.109,1.8990,654.820,1753.660,0.854,1.113,503.603,Nl/min – DIN 1343,20.0
2026-10-06 16:15:06.203,1.8990,654.540,1752.910,0.854,1.113,506.395,Nl/min – DIN 1343,20.0
2026-10-06 16:15:06.304,1.8980,654.510,1752.227,0.854,1.113,509.320,Nl/min – DIN 1343,20.0
2026-10-06 16:15:06.396,1.8990,654.540,1752.910,0.854,1.113,512.035,Nl/min – DIN 1343,20.0
2026-10-06 16:15:06.491,1.8980,654.350,1751.799,0.854,1.113,514.819,Nl/min – DIN 1343,20.0
2026-10-06 16:15:06.588,1.8990,654.630,1753.151,0.854,1.113,517.624,Nl/min – DIN 1343,20.0
2026-10-06 16:15:06.704,1.8990,654.160,1751.892,0.854,1.113,521.024,Nl/min – DIN 1343,20.0
2026-10-06 16:15:06.801,1.8990,653.810,1750.955,0.854,1.113,523.851,Nl/min – DIN 1343,20.0
2026-10-06 16:15:06.899,1.8990,654.160,1751.892,0.854,1.113,526.721,Nl/min – DIN 1343,20.0
2026-10-06 16:15:07.010,1.8990,653.680,1750.607,0.854,1.113,529.930,Nl/min – DIN 1343,20.0
2026-10-06 16:15:07.120,1.8990,654.510,1752.829,0.854,1.113,533.151,Nl/min – DIN 1343,20.0
2026-10-06 16:15:07.192,1.8990,654.790,1753.579,0.854,1.113,535.265,Nl/min – DIN 1343,20.0
2026-10-06 16:15:07.291,1.8990,654.160,1751.892,0.854,1.113,538.145,Nl/min – DIN 1343,20.0
2026-10-06 16:15:07.406,1.8990,654.210,1752.026,0.854,1.113,541.514,Nl/min – DIN 1343,20.0
2026-10-06 16:15:07.503,1.9000,654.440,1753.244,0.854,1.113,544.335,Nl/min – DIN 1343,20.0
2026-10-06 16:15:07.604,1.8980,654.060,1751.023,0.854,1.113,547.270,Nl/min – DIN 1343,20.0
2026-10-06 16:15:07.698,1.8990,654.190,1751.972,0.854,1.113,550.026,Nl/min – DIN 1343,20.0
2026-10-06 16:15:07.792,1.8990,654.250,1752.133,0.854,1.113,552.789,Nl/min – DIN 1343,20.0
2026-10-06 16:15:07.896,1.9000,654.980,1754.690,0.854,1.114,555.817,Nl/min – DIN 1343,20.0
2026-10-06 16:15:08.009,1.8990,654.320,1752.321,0.854,1.113,559.125,Nl/min – DIN 1343,20.0
2026-10-06 16:15:08.115,1.8990,653.950,1751.330,0.854,1.113,562.215,Nl/min – DIN 1343,20.0
2026-10-06 16:15:08.221,1.8990,653.620,1750.446,0.854,1.112,565.322,Nl/min – DIN 1343,20.0
2026-10-06 16:15:08.317,1.8990,653.810,1750.955,0.854,1.113,568.128,Nl/min – DIN 1343,20.0
2026-10-06 16:15:08.403,1.8990,655.070,1754.329,0.854,1.114,570.603,Nl/min – DIN 1343,20.0
2026-10-06 16:15:08.499,1.9010,653.400,1751.058,0.854,1.112,573.414,Nl/min – DIN 1343,20.0
2026-10-06 16:15:08.594,1.9080,652.170,1751.960,0.855,1.111,576.185,Nl/min – DIN 1343,20.0
2026-10-06 16:15:08.709,1.9130,653.260,1757.892,0.856,1.112,579.549,Nl/min – DIN 1343,20.0
2026-10-06 16:15:08.805,1.9160,654.220,1762.280,0.857,1.113,582.374,Nl/min – DIN 1343,20.0
2026-10-06 16:15:08.902,1.9160,653.650,1760.745,0.857,1.112,585.229,Nl/min – DIN 1343,20.0
2026-10-06 16:15:08.997,1.9100,653.750,1757.407,0.856,1.113,588.015,Nl/min – DIN 1343,20.0
2026-10-06 16:15:09.097,1.9100,654.410,1759.181,0.856,1.113,590.960,Nl/min – DIN 1343,20.0
2026-10-06 16:15:09.206,1.9100,654.920,1760.552,0.856,1.113,594.166,Nl/min – DIN 1343,20.0
2026-10-06 16:15:09.312,1.9060,654.690,1757.526,0.855,1.113,597.272,Nl/min – DIN 1343,20.0
2026-10-06 16:15:09.425,1.9040,654.320,1755.329,0.855,1.113,600.562,Nl/min – DIN 1343,20.0
2026-10-06 16:15:09.531,1.9040,654.380,1755.490,0.855,1.113,603.666,Nl/min – DIN 1343,20.0
2026-10-06 16:15:09.608,1.8990,654.190,1751.972,0.854,1.113,605.879,Nl/min – DIN 1343,20.0
2026-10-06 16:15:09.705,1.8990,654.000,1751.464,0.854,1.113,608.688,Nl/min – DIN 1343,20.0
2026-10-06 16:15:09.796,1.8990,654.090,1751.705,0.854,1.113,611.375,Nl/min – DIN 1343,20.0
2026-10-06 16:15:09.890,1.9000,654.090,1752.306,0.854,1.113,614.158,Nl/min – DIN 1343,20.0
2026-10-06 16:15:09.989,1.8990,653.910,1751.222,0.854,1.113,617.037,Nl/min – DIN 1343,20.0
2026-10-06 16:15:10.105,1.8990,654.660,1753.231,0.854,1.113,620.430,Nl/min – DIN 1343,20.0
2026-10-06 16:15:10.202,1.8990,654.540,1752.910,0.854,1.113,623.275,Nl/min – DIN 1343,20.0
2026-10-06 16:15:10.298,1.8990,654.540,1752.910,0.854,1.113,626.063,Nl/min – DIN 1343,20.0
2026-10-06 16:15:10.403,1.8990,653.910,1751.222,0.854,1.113,629.135,Nl/min – DIN 1343,20.0
2026-10-06 16:15:10.512,1.8990,654.280,1752.213,0.854,1.113,632.318,Nl/min – DIN 1343,20.0
2026-10-06 16:15:10.618,1.9000,654.950,1754.610,0.854,1.113,635.421,Nl/min – DIN 1343,20.0
2026-10-06 16:15:10.688,1.8990,655.110,1754.436,0.854,1.114,637.479,Nl/min – DIN 1343,20.0
2026-10-06 16:15:10.804,1.8990,653.950,1751.330,0.854,1.113,640.855,Nl/min – DIN 1343,20.0
2026-10-06 16:15:10.904,1.8990,653.940,1751.303,0.854,1.113,643.759,Nl/min – DIN 1343,20.0
2026-10-06 16:15:11.001,1.9050,654.280,1755.823,0.855,1.113,646.589,Nl/min – DIN 1343,20.0
2026-10-06 16:15:11.100,1.9050,654.160,1755.501,0.855,1.113,649.474,Nl/min – DIN 1343,20.0
2026-10-06 16:15:11.191,1.9030,654.090,1754.111,0.855,1.113,652.176,Nl/min – DIN 1343,20.0
2026-10-06 16:15:11.289,1.9000,654.380,1753.083,0.854,1.113,655.022,Nl/min – DIN 1343,20.0
2026-10-06 16:15:11.405,1.8990,654.210,1752.026,0.854,1.113,658.413,Nl/min – DIN 1343,20.0
2026-10-06 16:15:11.502,1.8990,654.220,1752.053,0.854,1.113,661.252,Nl/min – DIN 1343,20.0
2026-10-06 16:15:11.614,1.8990,654.350,1752.401,0.854,1.113,664.526,Nl/min – DIN 1343,20.0
2026-10-06 16:15:11.719,1.9000,654.160,1752.494,0.854,1.113,667.590,Nl/min – DIN 1343,20.0
2026-10-06 16:15:11.801,1.9000,654.000,1752.065,0.854,1.113,669.923,Nl/min – DIN 1343,20.0
2026-10-06 16:15:11.897,1.9000,654.280,1752.815,0.854,1.113,672.724,Nl/min – DIN 1343,20.0
2026-10-06 16:15:11.996,1.9000,654.090,1752.306,0.854,1.113,675.662,Nl/min – DIN 1343,20.0
2026-10-06 16:15:12.104,1.9000,654.180,1752.547,0.854,1.113,678.844,Nl/min – DIN 1343,20.0
2026-10-06 16:15:12.210,1.9000,654.920,1754.530,0.854,1.113,681.941,Nl/min – DIN 1343,20.0
2026-10-06 16:15:12.302,1.8990,654.030,1751.544,0.854,1.113,684.598,Nl/min – DIN 1343,20.0
2026-10-06 16:15:12.396,1.8990,653.750,1750.794,0.854,1.113,687.362,Nl/min – DIN 1343,20.0
2026-10-06 16:15:12.493,1.8990,653.970,653.970,0.854,1.113,225.017,l/min (grezzi),20.0
2026-10-06 16:15:12.590,1.9000,653.590,653.590,0.854,1.112,226.079,l/min (grezzi),20.0
2026-10-06 16:15:12.703,1.9000,654.130,654.130,0.854,1.113,227.305,l/min (grezzi),20.0
2026-10-06 16:15:12.811,1.9000,655.080,655.080,0.854,1.114,228.483,l/min (grezzi),20.0
2026-10-06 16:15:12.929,1.8990,654.980,654.980,0.854,1.114,229.771,l/min (grezzi),20.0
2026-10-06 16:15:13.020,1.8990,654.920,654.920,0.854,1.113,230.771,l/min (grezzi),20.0
2026-10-06 16:15:13.104,1.9000,654.280,654.280,0.854,1.113,231.680,l/min (grezzi),20.0
2026-10-06 16:15:13.195,1.8990,654.440,654.440,0.854,1.113,232.679,l/min (grezzi),20.0
2026-10-06 16:15:13.292,1.8990,654.730,654.730,0.854,1.113,233.727,l/min (grezzi),20.0
2026-10-06 16:15:13.387,1.9000,654.630,654.630,0.854,1.113,234.769,l/min (grezzi),20.0
2026-10-06 16:15:13.506,1.8990,654.500,654.500,0.854,1.113,236.060,l/min (grezzi),20.0
2026-10-06 16:15:13.602,1.9000,654.820,654.820,0.854,1.113,237.116,l/min (grezzi),20.0
2026-10-06 16:15:13.697,1.8990,654.660,654.660,0.854,1.113,238.156,l/min (grezzi),20.0
2026-10-06 16:15:13.807,1.9000,654.130,654.130,0.854,1.113,239.357,l/min (grezzi),20.0
2026-10-06 16:15:13.915,1.8990,654.060,654.060,0.854,1.113,240.530,l/min (grezzi),20.0
2026-10-06 16:15:14.021,1.8990,654.220,654.220,0.854,1.113,241.686,l/min (grezzi),20.0
2026-10-06 16:15:14.132,1.9000,654.130,654.130,0.854,1.113,242.904,l/min (grezzi),20.0
2026-10-06 16:15:14.234,1.9000,654.190,654.190,0.854,1.113,244.006,l/min (grezzi),20.0
2026-10-06 16:15:14.305,1.8990,653.720,653.720,0.854,1.113,244.771,l/min (grezzi),20.0
2026-10-06 16:15:14.401,1.8990,654.660,654.660,0.854,1.113,245.811,l/min (grezzi),20.0
2026-10-06 16:15:14.497,1.8990,653.940,653.940,0.854,1.113,246.865,l/min (grezzi),20.0
2026-10-06 16:15:14.590,1.9000,654.350,654.350,0.854,1.113,247.896,l/min (grezzi),20.0
2026-10-06 16:15:14.687,1.8990,654.320,654.320,0.854,1.113,248.954,l/min (grezzi),20.0
2026-10-06 16:15:14.804,1.8990,653.920,653.920,0.854,1.113,250.228,l/min (grezzi),20.0
2026-10-06 16:15:14.903,1.8990,653.620,653.620,0.854,1.112,251.300,l/min (grezzi),20.0
2026-10-06 16:15:15.008,1.9000,654.090,654.090,0.854,1.113,252.446,l/min (grezzi),20.0
2026-10-06 16:15:15.119,1.8990,654.350,654.350,0.854,1.113,253.655,l/min (grezzi),20.0
2026-10-06 16:15:15.222,1.8990,654.160,654.160,0.854,1.113,254.774,l/min (grezzi),20.0
2026-10-06 16:15:15.299,1.8990,654.410,654.410,0.854,1.113,255.610,l/min (grezzi),20.0
2026-10-06 16:15:15.388,1.9000,653.940,653.940,0.854,1.113,256.585,l/min (grezzi),20.0
2026-10-06 16:15:15.504,1.8990,654.210,654.210,0.854,1.113,257.858,l/min (grezzi),20.0
2026-10-06 16:15:15.607,1.9000,654.320,654.320,0.854,1.113,258.978,l/min (grezzi),20.0
2026-10-06 16:15:15.701,1.8990,654.250,654.250,0.854,1.113,259.993,l/min (grezzi),20.0
2026-10-06 16:15:15.798,1.9000,654.060,654.060,0.854,1.113,261.057,l/min (grezzi),20.0
2026-10-06 16:15:15.891,1.9000,654.160,654.160,0.854,1.113,262.081,l/min (grezzi),20.0
2026-10-06 16:15:15.992,1.8990,654.570,654.570,0.854,1.113,263.174,l/min (grezzi),20.0
2026-10-06 16:15:16.099,1.9000,653.970,653.970,0.854,1.113,264.341,l/min (grezzi),20.0
2026-10-06 16:15:16.205,1.8990,654.760,654.760,0.854,1.113,265.497,l/min (grezzi),20.0
2026-10-06 16:15:16.318,1.8990,654.350,654.350,0.854,1.113,266.729,l/min (grezzi),20.0
2026-10-06 16:15:16.424,1.9000,654.540,654.540,0.854,1.113,267.891,l/min (grezzi),20.0
2026-10-06 16:15:16.517,1.9000,654.320,654.320,0.854,1.113,268.908,l/min (grezzi),20.0
2026-10-06 16:15:16.599,1.8990,654.380,654.380,0.854,1.113,269.791,l/min (grezzi),20.0
2026-10-06 16:15:16.694,1.8990,654.090,654.090,0.854,1.113,270.820,l/min (grezzi),20.0
2026-10-06 16:15:16.808,1.8990,654.470,654.470,0.854,1.113,272.065,l/min (grezzi),20.0
2026-10-06 16:15:16.903,1.8990,654.250,654.250,0.854,1.113,273.112,l/min (grezzi),20.0
2026-10-06 16:15:16.999,1.9000,653.620,653.620,0.854,1.112,274.164,l/min (grezzi),20.0
2026-10-06 16:15:17.096,1.9000,653.780,653.780,0.854,1.113,275.217,l/min (grezzi),20.0
2026-10-06 16:15:17.193,1.9000,654.130,654.130,0.854,1.113,276.279,l/min (grezzi),20.0
2026-10-06 16:15:17.299,1.9000,653.940,653.940,0.854,1.113,277.430,l/min (grezzi),20.0
2026-10-06 16:15:17.401,1.9000,654.410,654.410,0.854,1.113,278.540,l/min (grezzi),20.0
2026-10-06 16:15:17.513,1.9000,654.080,654.080,0.854,1.113,279.766,l/min (grezzi),20.0
2026-10-06 16:15:17.628,1.9000,654.220,654.220,0.854,1.113,281.015,l/min (grezzi),20.0
2026-10-06 16:15:17.720,1.9000,654.250,654.250,0.854,1.113,282.016,l/min (grezzi),20.0
2026-10-06 16:15:17.804,1.8990,654.220,654.220,0.854,1.113,282.926,l/min (grezzi),20.0
2026-10-06 16:15:17.896,1.9000,655.230,655.230,0.854,1.114,283.927,l/min (grezzi),20.0
2026-10-06 16:15:17.991,1.9000,653.870,653.870,0.854,1.113,284.968,l/min (grezzi),20.0
2026-10-06 16:15:18.087,1.8990,654.600,654.600,0.854,1.113,286.026,l/min (grezzi),20.0
2026-10-06 16:15:18.206,1.9000,654.130,654.130,0.854,1.113,287.314,l/min (grezzi),20.0
2026-10-06 16:15:18.300,1.9000,654.130,654.130,0.854,1.113,288.347,l/min (grezzi),20.0
2026-10-06 16:15:18.397,1.9000,653.780,653.780,0.854,1.113,289.404,l/min (grezzi),20.0
2026-10-06 16:15:18.504,1.8990,654.540,654.540,0.854,1.113,290.565,l/min (grezzi),20.0
2026-10-06 16:15:18.613,1.9000,654.060,654.060,0.854,1.113,291.758,l/min (grezzi),20.0
2026-10-06 16:15:18.720,1.9000,654.090,654.090,0.854,1.113,292.927,l/min (grezzi),20.0
2026-10-06 16:15:18.793,1.9000,653.810,653.810,0.854,1.113,293.691,l/min (grezzi),20.0
2026-10-06 16:15:18.923,1.9000,654.630,654.630,0.854,1.113,295.140,l/min (grezzi),20.0
2026-10-06 16:15:19.006,1.8990,653.780,653.780,0.854,1.113,296.036,l/min (grezzi),20.0
2026-10-06 16:15:19.105,1.8990,653.910,653.910,0.854,1.113,297.111,l/min (grezzi),20.0
2026-10-06 16:15:19.199,1.8990,654.030,654.030,0.854,1.113,298.138,l/min (grezzi),20.0
2026-10-06 16:15:19.293,1.9000,654.410,654.410,0.854,1.113,299.156,l/min (grezzi),20.0
2026-10-06 16:15:19.388,1.8990,654.280,654.280,0.854,1.113,300.207,l/min (grezzi),20.0
2026-10-06 16:15:19.504,1.8990,654.580,654.580,0.854,1.113,301.475,l/min (grezzi),20.0
2026-10-06 16:15:19.601,1.9010,654.950,654.950,0.854,1.113,302.535,l/min (grezzi),20.0
2026-10-06 16:15:19.706,1.9000,655.260,655.260,0.854,1.114,303.674,l/min (grezzi),20.0
2026-10-06 16:15:19.816,1.9000,654.850,654.850,0.854,1.113,304.882,l/min (grezzi),20.0
2026-10-06 16:15:19.924,1.9000,654.220,654.220,0.854,1.113,306.052,l/min (grezzi),20.0
2026-10-06 16:15:19.996,1.9000,654.380,654.380,0.854,1.113,306.833,l/min (grezzi),20.0
2026-10-06 16:15:20.092,1.9000,654.190,654.190,0.854,1.113,307.872,l/min (grezzi),20.0
2026-10-06 16:15:20.210,1.9000,654.580,654.580,0.854,1.113,309.165,l/min (grezzi),20.0
2026-10-06 16:15:20.305,1.9000,654.030,654.030,0.854,1.113,310.205,l/min (grezzi),20.0
2026-10-06 16:15:20.399,1.9000,654.380,654.380,0.854,1.113,311.239,l/min (grezzi),20.0
2026-10-06 16:15:20.495,1.9000,654.850,654.850,0.854,1.113,312.288,l/min (grezzi),20.0
2026-10-06 16:15:20.592,1.9000,654.790,654.790,0.854,1.113,313.341,l/min (grezzi),20.0
2026-10-06 16:15:20.691,1.9000,654.600,654.600,0.854,1.113,314.424,l/min (grezzi),20.0
2026-10-06 16:15:20.802,1.8990,654.690,654.690,0.854,1.113,315.636,l/min (grezzi),20.0
2026-10-06 16:15:20.914,1.9000,654.320,654.320,0.854,1.113,316.852,l/min (grezzi),20.0
2026-10-06 16:15:21.025,1.9000,654.250,654.250,0.854,1.113,318.068,l/min (grezzi),20.0
2026-10-06 16:15:21.128,1.8990,655.010,655.010,0.854,1.114,319.187,l/min (grezzi),20.0
2026-10-06 16:15:21.197,1.9000,654.160,654.160,0.854,1.113,319.936,l/min (grezzi),20.0
2026-10-06 16:15:21.299,1.9000,654.660,654.660,0.854,1.113,321.040,l/min (grezzi),20.0
2026-10-06 16:15:21.394,1.9000,655.170,655.170,0.854,1.114,322.079,l/min (grezzi),20.0
2026-10-06 16:15:21.507,1.8990,654.320,654.320,0.854,1.113,323.325,l/min (grezzi),20.0
2026-10-06 16:15:21.603,1.9000,654.950,654.950,0.854,1.113,324.369,l/min (grezzi),20.0
2026-10-06 16:15:21.700,1.8990,655.110,655.110,0.854,1.114,325.432,l/min (grezzi),20.0
2026-10-06 16:15:21.796,1.9000,654.030,654.030,0.854,1.113,326.482,l/min (grezzi),20.0
2026-10-06 16:15:21.893,1.9000,654.570,654.570,0.854,1.113,327.538,l/min (grezzi),20.0
2026-10-06 16:15:22.004,1.9000,654.160,654.160,0.854,1.113,328.744,l/min (grezzi),20.0
2026-10-06 16:15:22.110,1.9000,654.600,654.600,0.854,1.113,329.903,l/min (grezzi),20.0
2026-10-06 16:15:22.220,1.9000,653.950,653.950,0.854,1.113,331.102,l/min (grezzi),20.0
2026-10-06 16:15:22.329,1.8990,654.410,654.410,0.854,1.113,332.289,l/min (grezzi),20.0
2026-10-06 16:15:22.421,1.9000,655.140,655.140,0.854,1.114,333.291,l/min (grezzi),20.0
2026-10-06 16:15:22.503,1.8990,655.450,655.450,0.854,1.114,334.183,l/min (grezzi),20.0
2026-10-06 16:15:22.599,1.9010,654.470,654.470,0.854,1.113,335.240,l/min (grezzi),20.0
2026-10-06 16:15:22.692,1.9000,654.600,654.600,0.854,1.113,336.247,l/min (grezzi),20.0
2026-10-06 16:15:22.788,1.9000,654.280,654.280,0.854,1.113,337.295,l/min (grezzi),20.0
2026-10-06 16:15:22.905,1.9000,655.210,655.210,0.854,1.114,338.577,l/min (grezzi),20.0
2026-10-06 16:15:23.000,1.9000,655.520,655.520,0.854,1.114,339.617,l/min (grezzi),20.0
2026-10-06 16:15:23.097,1.8990,655.230,655.230,0.854,1.114,340.676,l/min (grezzi),20.0
2026-10-06 16:15:23.205,1.9010,654.630,654.630,0.854,1.113,341.849,l/min (grezzi),20.0
2026-10-06 16:15:23.315,1.9000,654.350,654.350,0.854,1.113,343.049,l/min (grezzi),20.0
2026-10-06 16:15:23.418,1.8990,655.010,655.010,0.854,1.114,344.178,l/min (grezzi),20.0
2026-10-06 16:15:23.529,1.9000,654.760,654.760,0.854,1.113,345.390,l/min (grezzi),20.0
2026-10-06 16:15:23.636,1.9000,654.600,654.600,0.854,1.113,346.559,l/min (grezzi),20.0
2026-10-06 16:15:23.705,1.9000,654.510,654.510,0.854,1.113,347.304,l/min (grezzi),20.0
2026-10-06 16:15:23.799,1.9000,654.160,654.160,0.854,1.113,348.326,l/min (grezzi),20.0
2026-10-06 16:15:23.894,1.9000,654.470,654.470,0.854,1.113,349.371,l/min (grezzi),20.0
2026-10-06 16:15:23.991,1.8990,654.350,654.350,0.854,1.113,350.429,l/min (grezzi),20.0
2026-10-06 16:15:24.092,1.8990,653.680,653.680,0.854,1.113,351.525,l/min (grezzi),20.0
2026-10-06 16:15:24.204,1.9000,654.950,654.950,0.854,1.113,352.747,l/min (grezzi),20.0
2026-10-06 16:15:24.312,1.8990,655.010,655.010,0.854,1.114,353.933,l/min (grezzi),20.0
2026-10-06 16:15:24.421,1.9000,653.940,653.940,0.854,1.113,355.120,l/min (grezzi),20.0
2026-10-06 16:15:24.529,1.9010,654.380,654.380,0.854,1.113,356.293,l/min (grezzi),20.0
2026-10-06 16:15:24.600,1.8990,654.320,654.320,0.854,1.113,357.054,l/min (grezzi),20.0
2026-10-06 16:15:24.696,1.9000,654.190,654.190,0.854,1.113,358.098,l/min (grezzi),20.0
2026-10-06 16:15:24.793,1.8990,654.190,654.190,0.854,1.113,359.163,l/min (grezzi),20.0
2026-10-06 16:15:24.906,1.9000,654.630,654.630,0.854,1.113,360.408,l/min (grezzi),20.0
2026-10-06 16:15:25.003,1.9010,654.950,654.950,0.854,1.113,361.467,l/min (grezzi),20.0
2026-10-06 16:15:25.098,1.8990,654.730,654.730,0.854,1.113,362.497,l/min (grezzi),20.0
2026-10-06 16:15:25.195,1.9000,654.220,654.220,0.854,1.113,363.555,l/min (grezzi),20.0
2026-10-06 16:15:25.295,1.8990,654.280,654.280,0.854,1.113,364.653,l/min (grezzi),20.0
2026-10-06 16:15:25.405,1.9000,654.470,654.470,0.854,1.113,365.848,l/min (grezzi),20.0
2026-10-06 16:15:25.513,1.9000,654.540,654.540,0.854,1.113,367.027,l/min (grezzi),20.0
2026-10-06 16:15:25.626,1.9000,653.790,653.790,0.854,1.113,368.263,l/min (grezzi),20.0
2026-10-06 16:15:25.734,1.9000,654.000,654.000,0.854,1.113,369.434,l/min (grezzi),20.0
2026-10-06 16:15:25.803,1.8990,654.220,654.220,0.854,1.113,370.183,l/min (grezzi),20.0
2026-10-06 16:15:25.899,1.9000,654.470,654.470,0.854,1.113,371.224,l/min (grezzi),20.0
2026-10-06 16:15:25.993,1.9010,655.200,655.200,0.854,1.114,372.257,l/min (grezzi),20.0
2026-10-06 16:15:26.089,1.9000,655.070,655.070,0.854,1.114,373.308,l/min (grezzi),20.0
2026-10-06 16:15:26.206,1.9000,654.160,654.160,0.854,1.113,374.589,l/min (grezzi),20.0
2026-10-06 16:15:26.301,1.8990,654.250,654.250,0.854,1.113,375.627,l/min (grezzi),20.0
2026-10-06 16:15:26.399,1.9010,654.350,654.350,0.854,1.113,376.686,l/min (grezzi),20.0
2026-10-06 16:15:26.507,1.9010,655.390,655.390,0.854,1.114,377.867,l/min (grezzi),20.0
2026-10-06 16:15:26.620,1.9000,654.160,654.160,0.854,1.113,379.099,l/min (grezzi),20.0
2026-10-06 16:15:26.721,1.9000,654.160,654.160,0.854,1.113,380.208,l/min (grezzi),20.0
2026-10-06 16:15:26.796,1.9000,653.680,653.680,0.854,1.113,381.002,l/min (grezzi),20.0
2026-10-06 16:15:26.917,1.9000,653.760,653.760,0.854,1.113,382.342,l/min (grezzi),20.0
2026-10-06 16:15:27.010,1.9000,653.020,653.020,0.854,1.112,383.329,l/min (grezzi),20.0
2026-10-06 16:15:27.109,1.9000,653.430,653.430,0.854,1.112,384.401,l/min (grezzi),20.0
2026-10-06 16:15:27.195,1.9000,653.970,653.970,0.854,1.113,385.369,l/min (grezzi),20.0
2026-10-06 16:15:27.292,1.9000,654.510,654.510,0.854,1.113,386.427,l/min (grezzi),20.0
2026-10-06 16:15:27.389,1.9000,654.220,654.220,0.854,1.113,387.482,l/min (grezzi),20.0
2026-10-06 16:15:27.487,1.8990,654.250,654.250,0.854,1.113,388.553,l/min (grezzi),20.0
2026-10-06 16:15:27.602,1.9000,654.290,654.290,0.854,1.113,389.810,l/min (grezzi),20.0
2026-10-06 16:15:27.705,1.9010,654.130,654.130,0.854,1.113,390.931,l/min (grezzi),20.0
2026-10-06 16:15:27.817,1.9000,654.470,654.470,0.854,1.113,392.146,l/min (grezzi),20.0
2026-10-06 16:15:27.924,1.8990,654.440,654.440,0.854,1.113,393.317,l/min (grezzi),20.0
2026-10-06 16:15:27.999,1.9000,654.160,654.160,0.854,1.113,394.123,l/min (grezzi),20.0
2026-10-06 16:15:28.097,1.9000,654.570,654.570,0.854,1.113,395.196,l/min (grezzi),20.0
2026-10-06 16:15:28.209,1.8990,654.580,654.580,0.854,1.113,396.431,l/min (grezzi),20.0
2026-10-06 16:15:28.310,1.9020,654.090,654.090,0.855,1.113,397.502,l/min (grezzi),20.0
2026-10-06 16:15:28.403,1.8990,654.250,654.250,0.854,1.113,398.543,l/min (grezzi),20.0
2026-10-06 16:15:28.496,1.8990,654.380,654.380,0.854,1.113,399.560,l/min (grezzi),20.0
2026-10-06 16:15:28.593,1.9000,654.030,654.030,0.854,1.113,400.613,l/min (grezzi),20.0
2026-10-06 16:15:28.690,1.9000,654.850,654.850,0.854,1.113,401.672,l/min (grezzi),20.0
2026-10-06 16:15:28.799,1.9000,654.000,654.000,0.854,1.113,402.859,l/min (grezzi),20.0
2026-10-06 16:15:28.907,1.9000,653.500,653.500,0.854,1.112,404.037,l/min (grezzi),20.0
2026-10-06 16:15:29.017,1.9000,654.130,654.130,0.854,1.113,405.239,l/min (grezzi),20.0
2026-10-06 16:15:29.123,1.9000,654.190,654.190,0.854,1.113,406.389,l/min (grezzi),20.0
2026-10-06 16:15:29.199,1.9010,654.030,654.030,0.854,1.113,407.212,l/min (grezzi),20.0
2026-10-06 16:15:29.301,1.9010,654.220,654.220,0.854,1.113,408.315,l/min (grezzi),20.0
2026-10-06 16:15:29.397,1.9000,654.600,654.600,0.854,1.113,409.372,l/min (grezzi),20.0
2026-10-06 16:15:29.492,1.9000,654.510,654.510,0.854,1.113,410.399,l/min (grezzi),20.0
2026-10-06 16:15:29.604,1.9000,654.790,654.790,0.854,1.113,411.641,l/min (grezzi),20.0
2026-10-06 16:15:29.702,1.9010,654.320,654.320,0.854,1.113,412.706,l/min (grezzi),20.0
2026-10-06 16:15:29.797,1.9000,654.220,654.220,0.854,1.113,413.744,l/min (grezzi),20.0
2026-10-06 16:15:29.895,1.9000,654.130,654.130,0.854,1.113,414.805,l/min (grezzi),20.0
2026-10-06 16:15:29.998,1.9010,654.220,654.220,0.854,1.113,415.934,l/min (grezzi),20.0
2026-10-06 16:15:30.105,1.9000,654.280,654.280,0.854,1.113,417.102,l/min (grezzi),20.0
2026-10-06 16:15:30.215,1.8990,653.910,653.910,0.854,1.113,418.305,l/min (grezzi),20.0
2026-10-06 16:15:30.334,1.8990,654.470,654.470,0.854,1.113,419.595,l/min (grezzi),20.0
2026-10-06 16:15:30.427,1.9000,654.160,654.160,0.854,1.113,420.612,l/min (grezzi),20.0
2026-10-06 16:15:30.505,1.9000,654.600,654.600,0.854,1.113,421.444,l/min (grezzi),20.0
2026-10-06 16:15:30.601,1.9000,654.790,654.790,0.854,1.113,422.500,l/min (grezzi),20.0
2026-10-06 16:15:30.693,1.9000,653.940,653.940,0.854,1.113,423.510,l/min (grezzi),20.0
2026-10-06 16:15:30.790,1.9000,653.370,653.370,0.854,1.112,424.563,l/min (grezzi),20.0
2026-10-06 16:15:30.904,1.9000,654.530,654.530,0.854,1.113,425.814,l/min (grezzi),20.0
2026-10-06 16:15:31.002,1.9010,655.260,655.260,0.854,1.114,426.878,l/min (grezzi),20.0
2026-10-06 16:15:31.102,1.9010,655.140,655.140,0.854,1.114,427.975,l/min (grezzi),20.0
2026-10-06 16:15:31.212,1.9010,655.230,655.230,0.855,1.114,429.177,l/min (grezzi),20.0
2026-10-06 16:15:31.322,1.9010,654.570,654.570,0.854,1.113,430.376,l/min (grezzi),20.0
2026-10-06 16:15:31.395,1.8990,654.130,654.130,0.854,1.113,431.157,l/min (grezzi),20.0
2026-10-06 16:15:31.489,1.9010,654.250,654.250,0.854,1.113,432.193,l/min (grezzi),20.0
2026-10-06 16:15:31.607,1.9000,653.680,653.680,0.854,1.113,433.465,l/min (grezzi),20.0
2026-10-06 16:15:31.709,1.9000,653.940,653.940,0.854,1.113,434.580,l/min (grezzi),20.0
2026-10-06 16:15:31.802,1.9000,654.250,654.250,0.854,1.113,435.603,l/min (grezzi),20.0
2026-10-06 16:15:31.896,1.8990,653.870,653.870,0.854,1.113,436.633,l/min (grezzi),20.0
2026-10-06 16:15:31.994,1.9010,654.160,654.160,0.854,1.113,437.696,l/min (grezzi),20.0
2026-10-06 16:15:32.089,1.8990,654.030,654.030,0.854,1.113,438.738,l/min (grezzi),20.0
2026-10-06 16:15:32.201,1.9010,653.590,653.590,0.854,1.112,439.961,l/min (grezzi),20.0
2026-10-06 16:15:32.322,1.9010,654.030,654.030,0.854,1.113,441.279,l/min (grezzi),20.0
2026-10-06 16:15:32.416,1.9010,653.910,653.910,0.854,1.113,442.306,l/min (grezzi),20.0
2026-10-06 16:15:32.522,1.9010,654.880,654.880,0.854,1.113,443.457,l/min (grezzi),20.0
2026-10-06 16:15:32.601,1.9000,654.730,654.730,0.854,1.113,444.306,l/min (grezzi),20.0
2026-10-06 16:15:32.701,1.9000,654.030,654.030,0.854,1.113,445.394,l/min (grezzi),20.0
2026-10-06 16:15:32.795,1.9010,654.060,654.060,0.854,1.113,446.431,l/min (grezzi),20.0
2026-10-06 16:15:32.887,1.9010,654.160,654.160,0.854,1.113,447.434,l/min (grezzi),20.0
2026-10-06 16:15:33.005,1.9010,654.660,654.660,0.855,1.113,448.716,l/min (grezzi),20.0
2026-10-06 16:15:33.100,1.9000,654.160,654.160,0.854,1.113,449.760,l/min (grezzi),20.0
2026-10-06 16:15:33.196,1.9000,654.410,654.410,0.854,1.113,450.809,l/min (grezzi),20.0
2026-10-06 16:15:33.293,1.9000,654.660,654.660,0.854,1.113,451.870,l/min (grezzi),20.0
2026-10-06 16:15:33.399,1.8990,653.940,653.940,0.854,1.113,453.022,l/min (grezzi),20.0
2026-10-06 16:15:33.512,1.9010,653.840,653.840,0.854,1.113,454.248,l/min (grezzi),20.0
2026-10-06 16:15:33.629,1.9000,654.450,654.450,0.854,1.113,455.523,l/min (grezzi),20.0
2026-10-06 16:15:33.709,1.9000,654.280,654.280,0.854,1.113,456.386,l/min (grezzi),20.0
2026-10-06 16:15:33.819,1.8990,653.720,653.720,0.854,1.113,457.603,l/min (grezzi),20.0
2026-10-06 16:15:33.900,1.9000,653.870,653.870,0.854,1.113,458.477,l/min (grezzi),20.0
2026-10-06 16:15:34.000,1.9010,654.630,654.630,0.854,1.113,459.569,l/min (grezzi),20.0
2026-10-06 16:15:34.095,1.9000,654.380,654.380,0.854,1.113,460.592,l/min (grezzi),20.0
2026-10-06 16:15:34.187,1.9000,654.470,654.470,0.854,1.113,461.617,l/min (grezzi),20.0
2026-10-06 16:15:34.305,1.9000,653.950,653.950,0.854,1.113,462.894,l/min (grezzi),20.0
2026-10-06 16:15:34.400,1.9000,653.940,653.940,0.854,1.113,463.936,l/min (grezzi),20.0
2026-10-06 16:15:34.497,1.9000,654.190,654.190,0.854,1.113,464.996,l/min (grezzi),20.0
2026-10-06 16:15:34.605,1.9000,654.950,654.950,0.854,1.113,466.167,l/min (grezzi),20.0
2026-10-06 16:15:34.716,1.8990,654.280,654.280,0.854,1.113,467.378,l/min (grezzi),20.0
2026-10-06 16:15:34.798,1.9010,653.590,653.590,0.854,1.112,468.256,l/min (grezzi),20.0
2026-10-06 16:15:34.894,1.9000,654.320,654.320,0.854,1.113,469.309,l/min (grezzi),20.0
2026-10-06 16:15:35.009,1.9010,654.370,654.370,0.854,1.113,470.559,l/min (grezzi),20.0
2026-10-06 16:15:35.102,1.9010,654.190,654.190,0.854,1.113,471.587,l/min (grezzi),20.0
2026-10-06 16:15:35.199,1.9000,654.410,654.410,0.854,1.113,472.644,l/min (grezzi),20.0
2026-10-06 16:15:35.295,1.9000,655.040,655.040,0.854,1.114,473.687,l/min (grezzi),20.0
2026-10-06 16:15:35.391,1.9000,654.250,654.250,0.854,1.113,474.741,l/min (grezzi),20.0
2026-10-06 16:15:35.492,1.9020,654.690,654.690,0.855,1.113,475.844,l/min (grezzi),20.0
2026-10-06 16:15:35.601,1.9010,654.440,654.440,0.855,1.113,477.030,l/min (grezzi),20.0
2026-10-06 16:15:35.708,1.8990,654.340,654.340,0.854,1.113,478.205,l/min (grezzi),20.0
2026-10-06 16:15:35.817,1.9000,654.030,654.030,0.854,1.113,479.387,l/min (grezzi),20.0
2026-10-06 16:15:35.926,1.9000,654.190,654.190,0.854,1.113,480.578,l/min (grezzi),20.0
2026-10-06 16:15:36.002,1.9000,654.660,654.660,0.854,1.113,481.388,l/min (grezzi),20.0
2026-10-06 16:15:36.100,1.9010,654.030,654.030,0.854,1.113,482.461,l/min (grezzi),20.0
2026-10-06 16:15:36.194,1.9000,653.720,653.720,0.854,1.113,483.497,l/min (grezzi),20.0
2026-10-06 16:15:36.304,1.9010,654.390,654.390,0.854,1.113,484.703,l/min (grezzi),20.0
2026-10-06 16:15:36.405,1.9030,654.220,654.220,0.855,1.113,485.780,l/min (grezzi),20.0
2026-10-06 16:15:36.499,1.9000,654.850,654.850,0.854,1.113,486.826,l/min (grezzi),20.0
2026-10-06 16:15:36.595,1.9000,654.470,654.470,0.854,1.113,487.875,l/min (grezzi),20.0
2026-10-06 16:15:36.693,1.9010,654.690,654.690,0.854,1.113,488.948,l/min (grezzi),20.0
2026-10-06 16:15:36.806,1.9000,654.190,654.190,0.854,1.113,490.168,l/min (grezzi),20.0
2026-10-06 16:15:36.907,1.9010,653.970,653.970,0.855,1.113,491.279,l/min (grezzi),20.0
2026-10-06 16:15:37.019,1.9040,654.180,654.180,0.855,1.113,492.499,l/min (grezzi),20.0
2026-10-06 16:15:37.133,1.9130,653.050,653.050,0.856,1.112,493.735,l/min (grezzi),20.0
2026-10-06 16:15:37.201,1.9160,653.460,653.460,0.857,1.112,494.474,l/min (grezzi),20.0
2026-10-06 16:15:37.302,1.9150,654.030,654.030,0.857,1.113,495.567,l/min (grezzi),20.0
2026-10-06 16:15:37.399,1.9130,655.290,655.290,0.856,1.114,496.613,l/min (grezzi),20.0
2026-10-06 16:15:37.492,1.9120,655.260,655.260,0.856,1.114,497.655,l/min (grezzi),20.0
2026-10-06 16:15:37.586,1.9060,653.020,653.020,0.855,1.112,498.674,l/min (grezzi),20.0
2026-10-06 16:15:37.706,2.0530,571.500,571.500,0.877,1.047,499.811,l/min (grezzi),20.0
2026-10-06 16:15:37.800,3.0080,239.530,239.530,1.016,0.785,500.191,l/min (grezzi),20.0
2026-10-06 16:15:37.897,4.4150,24.730,24.730,1.220,0.615,500.231,l/min (grezzi),20.0
2026-10-06 16:15:38.002,5.5410,0.000,0.000,1.384,0.594,500.231,l/min (grezzi),20.0
2026-10-06 16:15:38.112,6.3700,0.000,0.000,1.504,0.594,500.231,l/min (grezzi),20.0
2026-10-06 16:15:38.215,6.9810,0.000,0.000,1.593,0.594,500.231,l/min (grezzi),20.0
2026-10-06 16:15:38.291,7.4040,0.000,0.000,1.655,0.594,500.231,l/min (grezzi),20.0
2026-10-06 16:15:38.409,7.6800,0.000,0.000,1.695,0.594,500.231,l/min (grezzi),20.0
2026-10-06 16:15:38.508,7.8090,0.000,0.000,1.714,0.594,500.231,l/min (grezzi),20.0
2026-10-06 16:15:38.601,7.8410,0.000,0.000,1.718,0.594,500.231,l/min (grezzi),20.0
2026-10-06 16:15:38.699,7.8420,0.000,0.000,1.719,0.594,500.231,l/min (grezzi),20.0
2026-10-06 16:15:38.793,7.8470,0.000,0.000,1.719,0.594,500.231,l/min (grezzi),20.0
2026-10-06 16:15:38.887,7.8610,0.000,0.000,1.721,0.593,500.231,l/min (grezzi),20.0
2026-10-06 16:15:39.004,7.8740,0.000,0.000,1.723,0.594,500.231,l/min (grezzi),20.0
2026-10-06 16:15:39.101,7.8820,0.000,0.000,1.724,0.594,500.231,l/min (grezzi),20.0
2026-10-06 16:15:39.207,7.8900,0.000,0.000,1.726,0.594,500.231,l/min (grezzi),20.0
2026-10-06 16:15:39.314,7.8960,0.000,0.000,1.726,0.594,500.231,l/min (grezzi),20.0
2026-10-06 16:15:39.419,7.9010,0.000,0.000,1.727,0.594,500.231,l/min (grezzi),20.0
2026-10-06 16:15:39.498,7.9090,0.000,0.000,1.728,0.594,500.231,l/min (grezzi),20.0
2026-10-06 16:15:39.598,7.9140,0.000,0.000,1.729,0.594,500.231,l/min (grezzi),20.0
2026-10-06 16:15:39.712,7.9180,0.000,0.000,1.730,0.594,500.231,l/min (grezzi),20.0
2026-10-06 16:15:39.806,7.9250,0.000,0.000,1.731,0.594,500.231,l/min (grezzi),20.0
2026-10-06 16:15:39.899,7.9260,0.000,0.000,1.731,0.594,500.231,l/min (grezzi),20.0
2026-10-06 16:15:39.995,7.9300,0.000,0.000,1.731,0.594,500.231,l/min (grezzi),20.0
2026-10-06 16:15:40.092,7.9340,0.000,0.000,1.732,0.594,500.231,l/min (grezzi),20.0
2026-10-06 16:15:40.195,7.9360,0.000,0.000,1.732,0.594,500.231,l/min (grezzi),20.0
2026-10-06 16:15:40.306,7.9360,0.000,0.000,1.732,0.594,500.231,l/min (grezzi),20.0
2026-10-06 16:15:40.402,7.9360,0.000,0.000,1.732,0.594,500.231,l/min (grezzi),20.0
2026-10-06 16:15:40.512,7.9410,0.000,0.000,1.733,0.594,500.231,l/min (grezzi),20.0
2026-10-06 16:15:40.619,7.9410,0.000,0.000,1.733,0.594,500.231,l/min (grezzi),20.0
2026-10-06 16:15:40.703,7.9410,0.000,0.000,1.733,0.594,500.231,l/min (grezzi),20.0
2026-10-06 16:15:40.798,7.9450,0.000,0.000,1.734,0.594,500.231,l/min (grezzi),20.0
2026-10-06 16:15:40.896,7.9510,0.000,0.000,1.734,0.594,500.231,l/min (grezzi),20.0
2026-10-06 16:15:40.987,7.9520,0.000,0.000,1.735,0.594,500.231,l/min (grezzi),20.0
2026-10-06 16:15:41.106,7.9510,0.000,0.000,1.734,0.594,500.231,l/min (grezzi),20.0
2026-10-06 16:15:41.199,7.9510,0.000,0.000,1.734,0.594,500.231,l/min (grezzi),20.0
2026-10-06 16:15:41.296,7.9510,0.000,0.000,1.734,0.594,500.231,l/min (grezzi),20.0
2026-10-06 16:15:41.398,7.9510,0.000,0.000,1.734,0.594,500.231,l/min (grezzi),20.0
2026-10-06 16:15:41.507,7.9510,0.000,0.000,1.734,0.594,500.231,l/min (grezzi),20.0
2026-10-06 16:15:41.614,7.9520,0.000,0.000,1.735,0.594,500.231,l/min (grezzi),20.0
2026-10-06 16:15:41.729,7.9520,0.000,0.000,1.735,0.594,500.231,l/min (grezzi),20.0
2026-10-06 16:15:41.819,7.9520,0.000,0.000,1.734,0.594,500.231,l/min (grezzi),20.0
2026-10-06 16:15:41.930,7.9550,0.000,0.000,1.735,0.594,500.231,l/min (grezzi),20.0
2026-10-06 16:15:42.003,7.9570,0.000,0.000,1.735,0.594,500.231,l/min (grezzi),20.0
2026-10-06 16:15:42.097,7.9580,0.000,0.000,1.735,0.594,500.231,l/min (grezzi),20.0
2026-10-06 16:15:42.192,7.9570,0.000,0.000,1.735,0.594,500.231,l/min (grezzi),20.0
2026-10-06 16:15:42.289,7.9570,0.000,0.000,1.735,0.594,500.231,l/min (grezzi),20.0
2026-10-06 16:15:42.407,7.9580,0.000,0.000,1.735,0.594,500.231,l/min (grezzi),20.0
2026-10-06 16:15:42.501,7.9570,0.000,0.000,1.735,0.594,500.231,l/min (grezzi),20.0
2026-10-06 16:15:42.597,7.9570,0.000,0.000,1.735,0.594,500.231,l/min (grezzi),20.0
2026-10-06 16:15:42.699,7.9560,0.000,0.000,1.735,0.594,500.231,l/min (grezzi),20.0
2026-10-06 16:15:42.823,7.9580,0.000,0.000,1.735,0.594,500.231,l/min (grezzi),20.0
2026-10-06 16:15:42.891,7.9570,0.000,0.000,1.735,0.594,500.231,l/min (grezzi),20.0
2026-10-06 16:15:43.010,7.9570,0.000,0.000,1.735,0.594,500.231,l/min (grezzi),20.0
2026-10-06 16:15:43.136,7.9570,0.000,0.000,1.735,0.594,500.231,l/min (grezzi),20.0
2026-10-06 16:15:43.204,7.9570,0.000,0.000,1.735,0.594,500.231,l/min (grezzi),20.0
2026-10-06 16:15:43.302,7.9570,0.000,0.000,1.735,0.594,500.231,l/min (grezzi),20.0
2026-10-06 16:15:43.396,7.9570,0.000,0.000,1.735,0.594,500.231,l/min (grezzi),20.0
2026-10-06 16:15:43.491,7.9570,0.000,0.000,1.735,0.594,500.231,l/min (grezzi),20.0
2026-10-06 16:15:43.588,7.9560,0.000,0.000,1.735,0.594,500.231,l/min (grezzi),20.0
2026-10-06 16:15:43.696,7.9570,0.000,0.000,1.735,0.594,500.231,l/min (grezzi),20.0
2026-10-06 16:15:43.804,7.9590,0.000,0.000,1.736,0.594,500.231,l/min (grezzi),20.0
2026-10-06 16:15:43.911,7.9630,0.000,0.000,1.736,0.594,500.231,l/min (grezzi),20.0
2026-10-06 16:15:44.021,7.9660,0.000,0.000,1.737,0.594,500.231,l/min (grezzi),20.0
2026-10-06 16:15:44.118,7.9680,0.000,0.000,1.737,0.594,500.231,l/min (grezzi),20.0
2026-10-06 16:15:44.193,7.9670,0.000,0.000,1.737,0.594,500.231,l/min (grezzi),20.0
2026-10-06 16:15:44.295,7.9670,0.000,0.000,1.737,0.594,500.231,l/min (grezzi),20.0
2026-10-06 16:15:44.410,7.9690,0.000,0.000,1.737,0.594,500.231,l/min (grezzi),20.0
2026-10-06 16:15:44.507,7.9680,0.000,0.000,1.737,0.594,500.231,l/min (grezzi),20.0
2026-10-06 16:15:44.600,7.9680,0.000,0.000,1.737,0.594,500.231,l/min (grezzi),20.0
2026-10-06 16:15:44.695,7.9680,0.000,0.000,1.737,0.594,500.231,l/min (grezzi),20.0
2026-10-06 16:15:44.792,7.9680,0.000,0.000,1.737,0.594,500.231,l/min (grezzi),20.0
2026-10-06 16:15:44.898,7.9680,0.000,0.000,1.737,0.594,500.231,l/min (grezzi),20.0
2026-10-06 16:15:45.006,7.9680,0.000,0.000,1.737,0.594,500.231,l/min (grezzi),20.0
2026-10-06 16:15:45.117,7.9670,0.000,0.000,1.737,0.594,500.231,l/min (grezzi),20.0
2026-10-06 16:15:45.224,7.9680,0.000,0.000,1.737,0.594,500.231,l/min (grezzi),20.0
2026-10-06 16:15:45.331,7.9680,0.000,0.000,1.737,0.594,500.231,l/min (grezzi),20.0
2026-10-06 16:15:45.404,7.9680,0.000,0.000,1.737,0.594,500.231,l/min (grezzi),20.0
2026-10-06 16:15:45.500,7.9680,0.000,0.000,1.737,0.594,500.231,l/min (grezzi),20.0
2026-10-06 16:15:45.591,7.9680,0.000,0.000,1.737,0.594,500.231,l/min (grezzi),20.0
2026-10-06 16:15:45.689,7.9690,0.000,0.000,1.737,0.594,500.231,l/min (grezzi),20.0
2026-10-06 16:15:45.808,7.9670,0.000,0.000,1.737,0.594,500.231,l/min (grezzi),20.0
2026-10-06 16:15:45.899,7.9680,0.000,0.000,1.737,0.594,500.231,l/min (grezzi),20.0
2026-10-06 16:15:45.996,7.9680,0.000,0.000,1.737,0.594,500.231,l/min (grezzi),20.0
2026-10-06 16:15:46.098,7.9680,0.000,0.000,1.737,0.594,500.231,l/min (grezzi),20.0
2026-10-06 16:15:46.205,7.9670,0.000,0.000,1.737,0.594,500.231,l/min (grezzi),20.0
2026-10-06 16:15:46.310,7.9680,0.000,0.000,1.737,0.594,500.231,l/min (grezzi),20.0
2026-10-06 16:15:46.418,7.9670,0.000,0.000,1.737,0.594,500.231,l/min (grezzi),20.0
2026-10-06 16:15:46.527,7.9670,0.000,0.000,1.737,0.594,500.231,l/min (grezzi),20.0
2026-10-06 16:15:46.604,7.9680,0.000,0.000,1.737,0.594,500.231,l/min (grezzi),20.0
2026-10-06 16:15:46.703,7.9680,0.000,0.000,1.737,0.594,500.231,l/min (grezzi),20.0
2026-10-06 16:15:46.796,7.9680,0.000,0.000,1.737,0.594,500.231,l/min (grezzi),20.0
2026-10-06 16:15:46.892,7.9680,0.000,0.000,1.737,0.594,500.231,l/min (grezzi),20.0
2026-10-06 16:15:46.987,7.9650,0.000,0.000,1.736,0.595,500.231,l/min (grezzi),20.0
2026-10-06 16:15:47.103,7.9610,4.450,4.450,1.736,0.599,500.240,l/min (grezzi),20.0
2026-10-06 16:15:47.201,7.9540,6.820,6.820,1.735,0.600,500.251,l/min (grezzi),20.0
2026-10-06 16:15:47.298,7.9520,7.140,7.140,1.735,0.601,500.262,l/min (grezzi),20.0
2026-10-06 16:15:47.406,7.9560,7.070,7.070,1.735,0.601,500.275,l/min (grezzi),20.0
2026-10-06 16:15:47.513,7.9560,7.360,7.360,1.735,0.601,500.288,l/min (grezzi),20.0
2026-10-06 16:15:47.594,7.9560,7.290,7.290,1.735,0.601,500.298,l/min (grezzi),20.0
2026-10-06 16:15:47.694,7.9510,8.080,8.080,1.734,0.601,500.311,l/min (grezzi),20.0
2026-10-06 16:15:47.812,7.9510,8.240,8.240,1.734,0.602,500.328,l/min (grezzi),20.0
2026-10-06 16:15:47.902,7.9500,8.050,8.050,1.734,0.601,500.340,l/min (grezzi),20.0
2026-10-06 16:15:48.002,7.9510,8.150,8.150,1.734,0.601,500.353,l/min (grezzi),20.0
2026-10-06 16:15:48.095,7.9510,10.070,10.070,1.734,0.603,500.369,l/min (grezzi),20.0
2026-10-06 16:15:48.191,7.9480,13.710,13.710,1.734,0.606,500.391,l/min (grezzi),20.0
2026-10-06 16:15:48.288,7.9430,17.080,17.080,1.733,0.609,500.419,l/min (grezzi),20.0
2026-10-06 16:15:48.400,7.9390,18.630,18.630,1.733,0.610,500.453,l/min (grezzi),20.0
2026-10-06 16:15:48.511,7.9400,19.030,19.030,1.733,0.610,500.489,l/min (grezzi),20.0
2026-10-06 16:15:48.621,7.9390,19.170,19.170,1.733,0.610,500.524,l/min (grezzi),20.0
2026-10-06 16:15:48.728,7.9390,18.980,18.980,1.733,0.610,500.558,l/min (grezzi),20.0
2026-10-06 16:15:48.800,7.9340,18.920,18.920,1.732,0.610,500.580,l/min (grezzi),20.0
2026-10-06 16:15:48.892,7.9330,19.070,19.070,1.732,0.610,500.610,l/min (grezzi),20.0
2026-10-06 16:15:48.991,7.9330,18.850,18.850,1.732,0.610,500.641,l/min (grezzi),20.0
2026-10-06 16:15:49.108,7.9340,18.890,18.890,1.732,0.610,500.677,l/min (grezzi),20.0
2026-10-06 16:15:49.203,7.9330,18.980,18.980,1.732,0.610,500.707,l/min (grezzi),20.0
2026-10-06 16:15:49.302,7.9350,18.920,18.920,1.732,0.610,500.739,l/min (grezzi),20.0
2026-10-06 16:15:49.396,7.9340,18.920,18.920,1.732,0.610,500.768,l/min (grezzi),20.0
2026-10-06 16:15:49.492,7.9340,19.040,19.040,1.732,0.610,500.799,l/min (grezzi),20.0
2026-10-06 16:15:49.601,7.9340,18.950,18.950,1.732,0.610,500.833,l/min (grezzi),20.0
2026-10-06 16:15:49.709,7.9330,19.070,19.070,1.732,0.610,500.867,l/min (grezzi),20.0
2026-10-06 16:15:49.816,7.9290,19.050,19.050,1.731,0.610,500.902,l/min (grezzi),20.0
2026-10-06 16:15:49.931,7.9240,19.110,19.110,1.731,0.610,500.938,l/min (grezzi),20.0
2026-10-06 16:15:50.022,7.9220,18.950,18.950,1.730,0.610,500.967,l/min (grezzi),20.0
2026-10-06 16:15:50.102,7.9230,19.040,19.040,1.730,0.610,500.992,l/min (grezzi),20.0
2026-10-06 16:15:50.193,7.9220,19.070,19.070,1.730,0.610,501.021,l/min (grezzi),20.0
2026-10-06 16:15:50.291,7.9220,18.820,18.820,1.730,0.610,501.052,l/min (grezzi),20.0
2026-10-06 16:15:50.388,7.9220,19.070,19.070,1.730,0.610,501.083,l/min (grezzi),20.0
2026-10-06 16:15:50.508,7.9230,18.950,18.950,1.730,0.610,501.120,l/min (grezzi),20.0
2026-10-06 16:15:50.600,7.9220,19.010,19.010,1.730,0.610,501.150,l/min (grezzi),20.0
2026-10-06 16:15:50.697,7.9230,19.040,19.040,1.730,0.610,501.181,l/min (grezzi),20.0
2026-10-06 16:15:50.800,7.9230,18.880,18.880,1.730,0.610,501.213,l/min (grezzi),20.0
2026-10-06 16:15:50.911,7.9220,19.110,19.110,1.730,0.610,501.248,l/min (grezzi),20.0
2026-10-06 16:15:51.021,7.9220,18.790,18.790,1.730,0.610,501.283,l/min (grezzi),20.0
2026-10-06 16:15:51.092,7.9230,18.980,18.980,1.730,0.610,501.305,l/min (grezzi),20.0
2026-10-06 16:15:51.203,7.9230,18.950,18.950,1.730,0.610,501.340,l/min (grezzi),20.0
2026-10-06 16:15:51.304,7.9220,19.010,19.010,1.730,0.610,501.372,l/min (grezzi),20.0
2026-10-06 16:15:51.404,7.9220,18.920,18.920,1.730,0.610,501.403,l/min (grezzi),20.0
2026-10-06 16:15:51.499,7.9220,18.950,18.950,1.730,0.610,501.433,l/min (grezzi),20.0
2026-10-06 16:15:51.590,7.9220,19.010,19.010,1.730,0.610,501.463,l/min (grezzi),20.0
2026-10-06 16:15:51.687,7.9220,19.010,19.010,1.730,0.610,501.493,l/min (grezzi),20.0
2026-10-06 16:15:51.803,7.9220,18.870,18.870,1.730,0.610,501.530,l/min (grezzi),20.0
2026-10-06 16:15:51.900,7.9220,19.110,19.110,1.730,0.610,501.561,l/min (grezzi),20.0
2026-10-06 16:15:52.005,7.9200,19.110,19.110,1.730,0.610,501.594,l/min (grezzi),20.0
2026-10-06 16:15:52.125,7.9190,19.070,19.070,1.730,0.610,501.632,l/min (grezzi),20.0
2026-10-06 16:15:52.219,7.9160,18.850,18.850,1.729,0.610,501.662,l/min (grezzi),20.0
2026-10-06 16:15:52.292,7.9170,19.140,19.140,1.729,0.610,501.685,l/min (grezzi),20.0
2026-10-06 16:15:52.386,7.9170,18.980,18.980,1.729,0.610,501.715,l/min (grezzi),20.0
2026-10-06 16:15:52.505,7.9160,19.000,19.000,1.729,0.610,501.753,l/min (grezzi),20.0
2026-10-06 16:15:52.606,7.9170,18.980,18.980,1.729,0.610,501.784,l/min (grezzi),20.0
2026-10-06 16:15:52.699,7.9160,18.880,18.880,1.729,0.610,501.814,l/min (grezzi),20.0
2026-10-06 16:15:52.795,7.9160,18.820,18.820,1.729,0.610,501.844,l/min (grezzi),20.0
2026-10-06 16:15:52.891,7.9170,19.040,19.040,1.729,0.610,501.874,l/min (grezzi),20.0
2026-10-06 16:15:52.989,7.9160,19.070,19.070,1.729,0.610,501.906,l/min (grezzi),20.0
2026-10-06 16:15:53.095,7.9170,19.290,19.290,1.729,0.610,501.940,l/min (grezzi),20.0
2026-10-06 16:15:53.212,7.9170,19.080,19.080,1.729,0.610,501.977,l/min (grezzi),20.0
2026-10-06 16:15:53.319,7.9160,18.850,18.850,1.729,0.610,502.011,l/min (grezzi),20.0
2026-10-06 16:15:53.425,7.9160,18.920,18.920,1.729,0.610,502.044,l/min (grezzi),20.0
2026-10-06 16:15:53.501,7.9160,18.880,18.880,1.729,0.610,502.067,l/min (grezzi),20.0
2026-10-06 16:15:53.597,7.9160,19.010,19.010,1.729,0.610,502.098,l/min (grezzi),20.0
2026-10-06 16:15:53.691,7.9160,19.040,19.040,1.729,0.610,502.128,l/min (grezzi),20.0
2026-10-06 16:15:53.809,7.9160,18.890,18.890,1.729,0.610,502.165,l/min (grezzi),20.0
2026-10-06 16:15:53.905,7.9170,18.980,18.980,1.729,0.610,502.195,l/min (grezzi),20.0
2026-10-06 16:15:53.999,7.9160,19.200,19.200,1.729,0.610,502.226,l/min (grezzi),20.0
2026-10-06 16:15:54.095,7.9170,18.880,18.880,1.729,0.610,502.256,l/min (grezzi),20.0
2026-10-06 16:15:54.196,7.9170,18.980,18.980,1.729,0.610,502.288,l/min (grezzi),20.0
2026-10-06 16:15:54.304,7.9160,18.980,18.980,1.729,0.610,502.322,l/min (grezzi),20.0
2026-10-06 16:15:54.402,7.9170,18.950,18.950,1.729,0.610,502.353,l/min (grezzi),20.0
2026-10-06 16:15:54.526,7.9160,18.840,18.840,1.729,0.610,502.392,l/min (grezzi),20.0
2026-10-06 16:15:54.628,7.9160,18.950,18.950,1.729,0.610,502.424,l/min (grezzi),20.0
2026-10-06 16:15:54.726,7.9170,19.110,19.110,1.729,0.610,502.455,l/min (grezzi),20.0
2026-10-06 16:15:54.800,7.9160,18.880,18.880,1.729,0.610,502.478,l/min (grezzi),20.0
2026-10-06 16:15:54.896,7.9170,18.920,18.920,1.729,0.610,502.509,l/min (grezzi),20.0
2026-10-06 16:15:54.988,7.9160,19.010,19.010,1.729,0.610,502.538,l/min (grezzi),20.0
2026-10-06 16:15:55.085,7.9170,19.010,19.010,1.729,0.610,502.569,l/min (grezzi),20.0
2026-10-06 16:15:55.202,7.9170,18.920,18.920,1.729,0.610,502.606,l/min (grezzi),20.0
2026-10-06 16:15:55.299,7.9160,19.140,19.140,1.729,0.610,502.637,l/min (grezzi),20.0
2026-10-06 16:15:55.396,7.9160,19.110,19.110,1.729,0.610,502.668,l/min (grezzi),20.0
2026-10-06 16:15:55.511,7.9160,18.950,18.950,1.729,0.610,502.704,l/min (grezzi),20.0
2026-10-06 16:15:55.619,7.9170,19.040,19.040,1.729,0.610,502.738,l/min (grezzi),20.0
2026-10-06 16:15:55.693,7.9160,18.950,18.950,1.729,0.610,502.761,l/min (grezzi),20.0
2026-10-06 16:15:55.806,7.9160,18.970,18.970,1.729,0.610,502.797,l/min (grezzi),20.0
2026-10-06 16:15:55.909,7.9170,18.880,18.880,1.729,0.610,502.829,l/min (grezzi),20.0
2026-10-06 16:15:56.000,7.9160,19.040,19.040,1.729,0.610,502.858,l/min (grezzi),20.0
2026-10-06 16:15:56.102,7.9160,18.880,18.880,1.729,0.610,502.890,l/min (grezzi),20.0
2026-10-06 16:15:56.194,7.9170,19.070,19.070,1.729,0.610,502.920,l/min (grezzi),20.0
2026-10-06 16:15:56.290,7.9160,18.850,18.850,1.729,0.610,502.950,l/min (grezzi),20.0
2026-10-06 16:15:56.387,7.9160,19.040,19.040,1.729,0.610,502.981,l/min (grezzi),20.0
2026-10-06 16:15:56.503,7.9160,18.870,18.870,1.729,0.610,503.017,l/min (grezzi),20.0
2026-10-06 16:15:56.600,7.9160,18.850,18.850,1.729,0.610,503.048,l/min (grezzi),20.0
2026-10-06 16:15:56.713,7.9160,18.950,18.950,1.729,0.610,503.083,l/min (grezzi),20.0
2026-10-06 16:15:56.823,7.9150,18.950,18.950,1.729,0.610,503.118,l/min (grezzi),20.0
2026-10-06 16:15:56.904,7.9160,19.140,19.140,1.729,0.610,503.143,l/min (grezzi),20.0
2026-10-06 16:15:56.992,7.9160,19.040,19.040,1.729,0.610,503.172,l/min (grezzi),20.0
2026-10-06 16:15:57.091,7.9160,19.070,19.070,1.729,0.610,503.203,l/min (grezzi),20.0
2026-10-06 16:15:57.207,7.9160,18.970,18.970,1.729,0.610,503.240,l/min (grezzi),20.0
2026-10-06 16:15:57.304,7.9160,19.040,19.040,1.729,0.610,503.271,l/min (grezzi),20.0
2026-10-06 16:15:57.398,7.9160,19.070,19.070,1.729,0.610,503.301,l/min (grezzi),20.0
2026-10-06 16:15:57.494,7.9170,18.980,18.980,1.729,0.610,503.331,l/min (grezzi),20.0
2026-10-06 16:15:57.591,7.9150,18.790,18.790,1.729,0.610,503.361,l/min (grezzi),20.0
2026-10-06 16:15:57.694,7.9160,18.690,18.690,1.729,0.610,503.393,l/min (grezzi),20.0
2026-10-06 16:15:57.805,7.9160,19.070,19.070,1.729,0.610,503.429,l/min (grezzi),20.0
2026-10-06 16:15:57.914,7.9170,19.000,19.000,1.729,0.610,503.463,l/min (grezzi),20.0
2026-10-06 16:15:58.020,7.9160,18.880,18.880,1.729,0.610,503.497,l/min (grezzi),20.0
2026-10-06 16:15:58.128,7.9160,18.980,18.980,1.729,0.610,503.531,l/min (grezzi),20.0
2026-10-06 16:15:58.194,7.9160,18.950,18.950,1.729,0.610,503.552,l/min (grezzi),20.0
2026-10-06 16:15:58.297,7.9170,20.120,20.120,1.729,0.611,503.585,l/min (grezzi),20.0
2026-10-06 16:15:58.391,7.9160,19.990,19.990,1.729,0.611,503.617,l/min (grezzi),20.0
2026-10-06 16:15:58.507,7.9160,19.710,19.710,1.729,0.611,503.656,l/min (grezzi),20.0
2026-10-06 16:15:58.603,7.9160,20.180,20.180,1.729,0.611,503.688,l/min (grezzi),20.0
2026-10-06 16:15:58.699,7.9170,20.270,20.270,1.729,0.611,503.720,l/min (grezzi),20.0
2026-10-06 16:15:58.795,7.9160,20.120,20.120,1.729,0.611,503.753,l/min (grezzi),20.0
2026-10-06 16:15:58.894,7.9160,19.990,19.990,1.729,0.611,503.786,l/min (grezzi),20.0
2026-10-06 16:15:59.004,7.9160,20.020,20.020,1.729,0.611,503.822,l/min (grezzi),20.0
2026-10-06 16:15:59.111,7.9170,19.890,19.890,1.729,0.611,503.858,l/min (grezzi),20.0
2026-10-06 16:15:59.219,7.9160,20.110,20.110,1.729,0.611,503.894,l/min (grezzi),20.0
2026-10-06 16:15:59.332,7.9160,19.960,19.960,1.729,0.611,503.931,l/min (grezzi),20.0
2026-10-06 16:15:59.400,7.9170,20.180,20.180,1.729,0.611,503.955,l/min (grezzi),20.0
2026-10-06 16:15:59.496,7.9160,20.210,20.210,1.729,0.611,503.987,l/min (grezzi),20.0
2026-10-06 16:15:59.597,7.9160,20.020,20.020,1.729,0.611,504.021,l/min (grezzi),20.0
2026-10-06 16:15:59.691,7.9160,19.960,19.960,1.729,0.611,504.052,l/min (grezzi),20.0
2026-10-06 16:15:59.785,7.9160,19.960,19.960,1.729,0.611,504.083,l/min (grezzi),20.0
2026-10-06 16:15:59.903,7.9160,20.050,20.050,1.729,0.611,504.122,l/min (grezzi),20.0
2026-10-06 16:15:59.999,7.9160,20.270,20.270,1.729,0.611,504.155,l/min (grezzi),20.0
2026-10-06 16:16:00.096,7.9160,20.020,20.020,1.729,0.611,504.187,l/min (grezzi),20.0
2026-10-06 16:16:00.205,7.9160,20.180,20.180,1.729,0.611,504.224,l/min (grezzi),20.0
2026-10-06 16:16:00.310,7.9170,19.930,19.930,1.729,0.611,504.259,l/min (grezzi),20.0
2026-10-06 16:16:00.419,7.9160,20.120,20.120,1.729,0.611,504.295,l/min (grezzi),20.0
2026-10-06 16:16:00.531,7.9160,20.080,20.080,1.729,0.611,504.333,l/min (grezzi),20.0
2026-10-06 16:16:00.603,7.9160,20.020,20.020,1.729,0.611,504.357,l/min (grezzi),20.0
2026-10-06 16:16:00.704,7.9160,19.990,19.990,1.729,0.611,504.390,l/min (grezzi),20.0
2026-10-06 16:16:00.801,7.9160,20.120,20.120,1.729,0.611,504.423,l/min (grezzi),20.0
2026-10-06 16:16:00.895,7.9160,20.020,20.020,1.729,0.611,504.454,l/min (grezzi),20.0
2026-10-06 16:16:00.990,7.9160,19.930,19.930,1.729,0.611,504.486,l/min (grezzi),20.0
2026-10-06 16:16:01.086,7.9160,19.580,19.580,1.729,0.611,504.517,l/min (grezzi),20.0
2026-10-06 16:16:01.202,7.9160,19.180,19.180,1.729,0.610,504.554,l/min (grezzi),20.0
2026-10-06 16:16:01.300,7.9160,19.070,19.070,1.729,0.610,504.585,l/min (grezzi),20.0
2026-10-06 16:16:01.409,7.9170,18.950,18.950,1.729,0.610,504.620,l/min (grezzi),20.0
2026-10-06 16:16:01.518,7.9150,18.980,18.980,1.729,0.610,504.654,l/min (grezzi),20.0
2026-10-06 16:16:01.626,7.9160,19.070,19.070,1.729,0.610,504.689,l/min (grezzi),20.0
2026-10-06 16:16:01.693,7.9160,19.230,19.230,1.729,0.610,504.710,l/min (grezzi),20.0
2026-10-06 16:16:01.789,7.9160,19.230,19.230,1.729,0.610,504.741,l/min (grezzi),20.0
2026-10-06 16:16:01.907,7.9160,19.710,19.710,1.729,0.611,504.779,l/min (grezzi),20.0
2026-10-06 16:16:02.006,7.9160,19.070,19.070,1.729,0.610,504.811,l/min (grezzi),20.0
2026-10-06 16:16:02.096,7.9160,18.980,18.980,1.729,0.610,504.840,l/min (grezzi),20.0
2026-10-06 16:16:02.193,7.9160,18.920,18.920,1.729,0.610,504.870,l/min (grezzi),20.0
2026-10-06 16:16:02.290,7.9170,19.170,19.170,1.729,0.610,504.901,l/min (grezzi),20.0
2026-10-06 16:16:02.388,7.9170,19.040,19.040,1.729,0.610,504.932,l/min (grezzi),20.0
2026-10-06 16:16:02.503,7.9170,15.000,15.000,1.729,0.607,504.961,l/min (grezzi),20.0
2026-10-06 16:16:02.606,7.9330,0.000,0.000,1.732,0.594,504.961,l/min (grezzi),20.0
2026-10-06 16:16:02.716,7.9440,0.000,0.000,1.733,0.594,504.961,l/min (grezzi),20.0
2026-10-06 16:16:02.824,7.9440,0.000,0.000,1.733,0.594,504.961,l/min (grezzi),20.0
2026-10-06 16:16:02.896,7.9410,0.000,0.000,1.733,0.594,504.961,l/min (grezzi),20.0
2026-10-06 16:16:02.992,7.9380,0.000,0.000,1.733,0.594,504.961,l/min (grezzi),20.0
2026-10-06 16:16:03.088,7.9390,0.000,0.000,1.733,0.594,504.961,l/min (grezzi),20.0
2026-10-06 16:16:03.203,7.9430,0.000,0.000,1.733,0.594,504.961,l/min (grezzi),20.0
2026-10-06 16:16:03.299,7.9490,0.000,0.000,1.734,0.594,504.961,l/min (grezzi),20.0
2026-10-06 16:16:03.397,7.9500,0.000,0.000,1.734,0.594,504.961,l/min (grezzi),20.0
2026-10-06 16:16:03.494,7.9500,0.000,0.000,1.734,0.594,504.961,l/min (grezzi),20.0
2026-10-06 16:16:03.601,7.9500,0.000,0.000,1.734,0.594,504.961,l/min (grezzi),20.0
